{
    "playerPosition": {
        "x": -5.909999847412109,
        "y": 0.1599999964237213,
        "z": 4.610000133514404
    }
}